{"type":"FeatureCollection","features":[
    {"type":"Feature","properties":{"airline":"9W","airline_id":"3000","src":"YYZ","src_id":"193","dst":"BRU","dst_id":"302","codeshare":"","stops":"0","equipment":"332 333"},"geometry":{"type":"LineString","coordinates":[[-79.63059997559999,43.6772003174],[4.48443984985,50.901401519800004]]}}
    ,
    {"type":"Feature","properties":{"airline":"AA","airline_id":"24","src":"YYZ","src_id":"193","dst":"CLT","dst_id":"3876","codeshare":"Y","stops":"0","equipment":"E75 CRJ"},"geometry":{"type":"LineString","coordinates":[[-79.63059997559999,43.6772003174],[-80.94309997558594,35.2140007019043]]}}
    ,
    {"type":"Feature","properties":{"airline":"AA","airline_id":"24","src":"YYZ","src_id":"193","dst":"DCA","dst_id":"3520","codeshare":"Y","stops":"0","equipment":"CRJ"},"geometry":{"type":"LineString","coordinates":[[-79.63059997559999,43.6772003174],[-77.037697,38.8521]]}}
    ,
    {"type":"Feature","properties":{"airline":"AA","airline_id":"24","src":"YYZ","src_id":"193","dst":"DFW","dst_id":"3670","codeshare":"","stops":"0","equipment":"319"},"geometry":{"type":"LineString","coordinates":[[-79.63059997559999,43.6772003174],[-97.038002,32.896801]]}}
    ,
    {"type":"Feature","properties":{"airline":"AA","airline_id":"24","src":"YYZ","src_id":"193","dst":"JFK","dst_id":"3797","codeshare":"Y","stops":"0","equipment":"CR7"},"geometry":{"type":"LineString","coordinates":[[-79.63059997559999,43.6772003174],[-73.77890015,40.63980103]]}}
    ,
    {"type":"Feature","properties":{"airline":"AA","airline_id":"24","src":"YYZ","src_id":"193","dst":"LAS","dst_id":"3877","codeshare":"","stops":"0","equipment":"737"},"geometry":{"type":"LineString","coordinates":[[-79.63059997559999,43.6772003174],[-115.1520004,36.08010101]]}}
    ,
    {"type":"Feature","properties":{"airline":"AA","airline_id":"24","src":"YYZ","src_id":"193","dst":"LAX","dst_id":"3484","codeshare":"","stops":"0","equipment":"738"},"geometry":{"type":"LineString","coordinates":[[-79.63059997559999,43.6772003174],[-118.4079971,33.94250107]]}}
    ,
    {"type":"Feature","properties":{"airline":"AA","airline_id":"24","src":"YYZ","src_id":"193","dst":"LGA","dst_id":"3697","codeshare":"Y","stops":"0","equipment":"CR7"},"geometry":{"type":"LineString","coordinates":[[-79.63059997559999,43.6772003174],[-73.87259674,40.77719879]]}}
    ,
    {"type":"Feature","properties":{"airline":"AA","airline_id":"24","src":"YYZ","src_id":"193","dst":"LHR","dst_id":"507","codeshare":"Y","stops":"0","equipment":"787 744"},"geometry":{"type":"LineString","coordinates":[[-79.63059997559999,43.6772003174],[-0.461941,51.4706]]}}
    ,
    {"type":"Feature","properties":{"airline":"AA","airline_id":"24","src":"YYZ","src_id":"193","dst":"MCO","dst_id":"3878","codeshare":"","stops":"0","equipment":"737"},"geometry":{"type":"LineString","coordinates":[[-79.63059997559999,43.6772003174],[-81.30899810791016,28.429399490356445]]}}
    ,
    {"type":"Feature","properties":{"airline":"AA","airline_id":"24","src":"YYZ","src_id":"193","dst":"MIA","dst_id":"3576","codeshare":"","stops":"0","equipment":"738"},"geometry":{"type":"LineString","coordinates":[[-79.63059997559999,43.6772003174],[-80.29060363769531,25.79319953918457]]}}
    ,
    {"type":"Feature","properties":{"airline":"AA","airline_id":"24","src":"YYZ","src_id":"193","dst":"ORD","dst_id":"3830","codeshare":"Y","stops":"0","equipment":"E75 CR7 ER4"},"geometry":{"type":"LineString","coordinates":[[-79.63059997559999,43.6772003174],[-87.9048,41.9786]]}}
    ,
    {"type":"Feature","properties":{"airline":"AA","airline_id":"24","src":"YYZ","src_id":"193","dst":"PHL","dst_id":"3752","codeshare":"Y","stops":"0","equipment":"E75 CRJ"},"geometry":{"type":"LineString","coordinates":[[-79.63059997559999,43.6772003174],[-75.24109649658203,39.87189865112305]]}}
    ,
    {"type":"Feature","properties":{"airline":"AC","airline_id":"330","src":"YYZ","src_id":"193","dst":"ANU","dst_id":"2874","codeshare":"","stops":"0","equipment":"320"},"geometry":{"type":"LineString","coordinates":[[-79.63059997559999,43.6772003174],[-61.792702,17.1367]]}}
    ,
    {"type":"Feature","properties":{"airline":"AC","airline_id":"330","src":"YYZ","src_id":"193","dst":"ATL","dst_id":"3682","codeshare":"Y","stops":"0","equipment":"CRA CRJ"},"geometry":{"type":"LineString","coordinates":[[-79.63059997559999,43.6772003174],[-84.428101,33.6367]]}}
    ,
    {"type":"Feature","properties":{"airline":"AC","airline_id":"330","src":"YYZ","src_id":"193","dst":"AUA","dst_id":"2895","codeshare":"","stops":"0","equipment":"319"},"geometry":{"type":"LineString","coordinates":[[-79.63059997559999,43.6772003174],[-70.015198,12.5014]]}}
    ,
    {"type":"Feature","properties":{"airline":"AC","airline_id":"330","src":"YYZ","src_id":"193","dst":"AUH","dst_id":"2179","codeshare":"","stops":"0","equipment":"77W"},"geometry":{"type":"LineString","coordinates":[[-79.63059997559999,43.6772003174],[54.651100158691406,24.433000564575195]]}}
    ,
    {"type":"Feature","properties":{"airline":"AC","airline_id":"330","src":"YYZ","src_id":"193","dst":"AZS","dst_id":"5810","codeshare":"","stops":"0","equipment":"319"},"geometry":{"type":"LineString","coordinates":[[-79.63059997559999,43.6772003174],[-69.7419967651,19.2670001984]]}}
    ,
    {"type":"Feature","properties":{"airline":"AC","airline_id":"330","src":"YYZ","src_id":"193","dst":"BCN","dst_id":"1218","codeshare":"Y","stops":"0","equipment":"763"},"geometry":{"type":"LineString","coordinates":[[-79.63059997559999,43.6772003174],[2.07846,41.2971]]}}
    ,
    {"type":"Feature","properties":{"airline":"AC","airline_id":"330","src":"YYZ","src_id":"193","dst":"BDA","dst_id":"4069","codeshare":"","stops":"0","equipment":"319"},"geometry":{"type":"LineString","coordinates":[[-79.63059997559999,43.6772003174],[-64.67870330810547,32.36399841308594]]}}
    ,
    {"type":"Feature","properties":{"airline":"AC","airline_id":"330","src":"YYZ","src_id":"193","dst":"BDL","dst_id":"3825","codeshare":"Y","stops":"0","equipment":"BEH"},"geometry":{"type":"LineString","coordinates":[[-79.63059997559999,43.6772003174],[-72.68319702149999,41.9388999939]]}}
    ,
    {"type":"Feature","properties":{"airline":"AC","airline_id":"330","src":"YYZ","src_id":"193","dst":"BGI","dst_id":"2875","codeshare":"","stops":"0","equipment":"319"},"geometry":{"type":"LineString","coordinates":[[-79.63059997559999,43.6772003174],[-59.4925003052,13.0746002197]]}}
    ,
    {"type":"Feature","properties":{"airline":"AC","airline_id":"330","src":"YYZ","src_id":"193","dst":"BNA","dst_id":"3690","codeshare":"Y","stops":"0","equipment":"CRJ"},"geometry":{"type":"LineString","coordinates":[[-79.63059997559999,43.6772003174],[-86.6781997680664,36.1245002746582]]}}
    ,
    {"type":"Feature","properties":{"airline":"AC","airline_id":"330","src":"YYZ","src_id":"193","dst":"BOG","dst_id":"2709","codeshare":"","stops":"0","equipment":"763"},"geometry":{"type":"LineString","coordinates":[[-79.63059997559999,43.6772003174],[-74.1469,4.70159]]}}
    ,
    {"type":"Feature","properties":{"airline":"AC","airline_id":"330","src":"YYZ","src_id":"193","dst":"BOS","dst_id":"3448","codeshare":"","stops":"0","equipment":"E90 E75"},"geometry":{"type":"LineString","coordinates":[[-79.63059997559999,43.6772003174],[-71.00520325,42.36429977]]}}
    ,
    {"type":"Feature","properties":{"airline":"AC","airline_id":"330","src":"YYZ","src_id":"193","dst":"BWI","dst_id":"3849","codeshare":"Y","stops":"0","equipment":"DH1"},"geometry":{"type":"LineString","coordinates":[[-79.63059997559999,43.6772003174],[-76.668297,39.1754]]}}
    ,
    {"type":"Feature","properties":{"airline":"AC","airline_id":"330","src":"YYZ","src_id":"193","dst":"CCC","dst_id":"1901","codeshare":"","stops":"0","equipment":"319"},"geometry":{"type":"LineString","coordinates":[[-79.63059997559999,43.6772003174],[-78.32839965820001,22.461000442499998]]}}
    ,
    {"type":"Feature","properties":{"airline":"AC","airline_id":"330","src":"YYZ","src_id":"193","dst":"CDG","dst_id":"1382","codeshare":"","stops":"0","equipment":"77W"},"geometry":{"type":"LineString","coordinates":[[-79.63059997559999,43.6772003174],[2.55,49.012798]]}}
    ,
    {"type":"Feature","properties":{"airline":"AC","airline_id":"330","src":"YYZ","src_id":"193","dst":"CLE","dst_id":"3486","codeshare":"Y","stops":"0","equipment":"DH1"},"geometry":{"type":"LineString","coordinates":[[-79.63059997559999,43.6772003174],[-81.8498001099,41.4117012024]]}}
    ,
    {"type":"Feature","properties":{"airline":"AC","airline_id":"330","src":"YYZ","src_id":"193","dst":"CLT","dst_id":"3876","codeshare":"Y","stops":"0","equipment":"CRJ"},"geometry":{"type":"LineString","coordinates":[[-79.63059997559999,43.6772003174],[-80.94309997558594,35.2140007019043]]}}
    ,
    {"type":"Feature","properties":{"airline":"AC","airline_id":"330","src":"YYZ","src_id":"193","dst":"CMH","dst_id":"3759","codeshare":"Y","stops":"0","equipment":"DH1"},"geometry":{"type":"LineString","coordinates":[[-79.63059997559999,43.6772003174],[-82.891899,39.998001]]}}
    ,
    {"type":"Feature","properties":{"airline":"AC","airline_id":"330","src":"YYZ","src_id":"193","dst":"CPH","dst_id":"609","codeshare":"","stops":"0","equipment":"763"},"geometry":{"type":"LineString","coordinates":[[-79.63059997559999,43.6772003174],[12.656000137329,55.617900848389]]}}
    ,
    {"type":"Feature","properties":{"airline":"AC","airline_id":"330","src":"YYZ","src_id":"193","dst":"CUN","dst_id":"1852","codeshare":"","stops":"0","equipment":"319"},"geometry":{"type":"LineString","coordinates":[[-79.63059997559999,43.6772003174],[-86.8770980835,21.036500930800003]]}}
    ,
    {"type":"Feature","properties":{"airline":"AC","airline_id":"330","src":"YYZ","src_id":"193","dst":"CVG","dst_id":"3488","codeshare":"Y","stops":"0","equipment":"CRJ"},"geometry":{"type":"LineString","coordinates":[[-79.63059997559999,43.6772003174],[-84.6678009033,39.0488014221]]}}
    ,
    {"type":"Feature","properties":{"airline":"AC","airline_id":"330","src":"YYZ","src_id":"193","dst":"DCA","dst_id":"3520","codeshare":"","stops":"0","equipment":"E75"},"geometry":{"type":"LineString","coordinates":[[-79.63059997559999,43.6772003174],[-77.037697,38.8521]]}}
    ,
    {"type":"Feature","properties":{"airline":"AC","airline_id":"330","src":"YYZ","src_id":"193","dst":"DEN","dst_id":"3751","codeshare":"","stops":"0","equipment":"E90"},"geometry":{"type":"LineString","coordinates":[[-79.63059997559999,43.6772003174],[-104.672996521,39.861698150635]]}}
    ,
    {"type":"Feature","properties":{"airline":"AC","airline_id":"330","src":"YYZ","src_id":"193","dst":"DFW","dst_id":"3670","codeshare":"","stops":"0","equipment":"E75"},"geometry":{"type":"LineString","coordinates":[[-79.63059997559999,43.6772003174],[-97.038002,32.896801]]}}
    ,
    {"type":"Feature","properties":{"airline":"AC","airline_id":"330","src":"YYZ","src_id":"193","dst":"DTW","dst_id":"3645","codeshare":"Y","stops":"0","equipment":"BEH CRJ"},"geometry":{"type":"LineString","coordinates":[[-79.63059997559999,43.6772003174],[-83.35340118408203,42.212398529052734]]}}
    ,
    {"type":"Feature","properties":{"airline":"AC","airline_id":"330","src":"YYZ","src_id":"193","dst":"DUB","dst_id":"599","codeshare":"Y","stops":"0","equipment":"763"},"geometry":{"type":"LineString","coordinates":[[-79.63059997559999,43.6772003174],[-6.27007,53.421299]]}}
    ,
    {"type":"Feature","properties":{"airline":"AC","airline_id":"330","src":"YYZ","src_id":"193","dst":"EWR","dst_id":"3494","codeshare":"","stops":"0","equipment":"E75 E90"},"geometry":{"type":"LineString","coordinates":[[-79.63059997559999,43.6772003174],[-74.168701171875,40.692501068115234]]}}
    ,
    {"type":"Feature","properties":{"airline":"AC","airline_id":"330","src":"YYZ","src_id":"193","dst":"FCO","dst_id":"1555","codeshare":"","stops":"0","equipment":"333"},"geometry":{"type":"LineString","coordinates":[[-79.63059997559999,43.6772003174],[12.2388889,41.8002778]]}}
    ,
    {"type":"Feature","properties":{"airline":"AC","airline_id":"330","src":"YYZ","src_id":"193","dst":"FLL","dst_id":"3533","codeshare":"","stops":"0","equipment":"320"},"geometry":{"type":"LineString","coordinates":[[-79.63059997559999,43.6772003174],[-80.152702,26.072599]]}}
    ,
    {"type":"Feature","properties":{"airline":"AC","airline_id":"330","src":"YYZ","src_id":"193","dst":"FRA","dst_id":"340","codeshare":"","stops":"0","equipment":"77W"},"geometry":{"type":"LineString","coordinates":[[-79.63059997559999,43.6772003174],[8.570556,50.033333]]}}
    ,
    {"type":"Feature","properties":{"airline":"AC","airline_id":"330","src":"YYZ","src_id":"193","dst":"GCM","dst_id":"1926","codeshare":"","stops":"0","equipment":"E90"},"geometry":{"type":"LineString","coordinates":[[-79.63059997559999,43.6772003174],[-81.3576965332,19.292800903299998]]}}
    ,
    {"type":"Feature","properties":{"airline":"AC","airline_id":"330","src":"YYZ","src_id":"193","dst":"GGT","dst_id":"1941","codeshare":"","stops":"0","equipment":"E90"},"geometry":{"type":"LineString","coordinates":[[-79.63059997559999,43.6772003174],[-75.8779983521,23.5625991821]]}}
    ,
    {"type":"Feature","properties":{"airline":"AC","airline_id":"330","src":"YYZ","src_id":"193","dst":"GND","dst_id":"2882","codeshare":"","stops":"0","equipment":"319"},"geometry":{"type":"LineString","coordinates":[[-79.63059997559999,43.6772003174],[-61.78620147705078,12.004199981689453]]}}
    ,
    {"type":"Feature","properties":{"airline":"AC","airline_id":"330","src":"YYZ","src_id":"193","dst":"GRU","dst_id":"2564","codeshare":"","stops":"0","equipment":"763"},"geometry":{"type":"LineString","coordinates":[[-79.63059997559999,43.6772003174],[-46.47305679321289,-23.435556411743164]]}}
    ,
    {"type":"Feature","properties":{"airline":"AC","airline_id":"330","src":"YYZ","src_id":"193","dst":"HAV","dst_id":"1909","codeshare":"","stops":"0","equipment":"E90"},"geometry":{"type":"LineString","coordinates":[[-79.63059997559999,43.6772003174],[-82.40910339355469,22.989200592041016]]}}
    ,
    {"type":"Feature","properties":{"airline":"AC","airline_id":"330","src":"YYZ","src_id":"193","dst":"HKG","dst_id":"3077","codeshare":"","stops":"0","equipment":"77L"},"geometry":{"type":"LineString","coordinates":[[-79.63059997559999,43.6772003174],[113.915001,22.308901]]}}
    ,
    {"type":"Feature","properties":{"airline":"AC","airline_id":"330","src":"YYZ","src_id":"193","dst":"HOG","dst_id":"1910","codeshare":"","stops":"0","equipment":"319"},"geometry":{"type":"LineString","coordinates":[[-79.63059997559999,43.6772003174],[-76.31510162353516,20.785600662231445]]}}
    ,
    {"type":"Feature","properties":{"airline":"AC","airline_id":"330","src":"YYZ","src_id":"193","dst":"IAD","dst_id":"3714","codeshare":"Y","stops":"0","equipment":"CRJ ERJ CR7"},"geometry":{"type":"LineString","coordinates":[[-79.63059997559999,43.6772003174],[-77.45580292,38.94449997]]}}
    ,
    {"type":"Feature","properties":{"airline":"AC","airline_id":"330","src":"YYZ","src_id":"193","dst":"IAH","dst_id":"3550","codeshare":"Y","stops":"0","equipment":"CRA"},"geometry":{"type":"LineString","coordinates":[[-79.63059997559999,43.6772003174],[-95.34140014648438,29.984399795532227]]}}
    ,
    {"type":"Feature","properties":{"airline":"AC","airline_id":"330","src":"YYZ","src_id":"193","dst":"IND","dst_id":"3585","codeshare":"Y","stops":"0","equipment":"CRJ"},"geometry":{"type":"LineString","coordinates":[[-79.63059997559999,43.6772003174],[-86.294403,39.7173]]}}
    ,
    {"type":"Feature","properties":{"airline":"AC","airline_id":"330","src":"YYZ","src_id":"193","dst":"IST","dst_id":"1701","codeshare":"","stops":"0","equipment":"77W 763"},"geometry":{"type":"LineString","coordinates":[[-79.63059997559999,43.6772003174],[28.8146,40.976898]]}}
    ,
    {"type":"Feature","properties":{"airline":"AC","airline_id":"330","src":"YYZ","src_id":"193","dst":"JFK","dst_id":"3797","codeshare":"Y","stops":"0","equipment":"CRA"},"geometry":{"type":"LineString","coordinates":[[-79.63059997559999,43.6772003174],[-73.77890015,40.63980103]]}}
    ,
    {"type":"Feature","properties":{"airline":"AC","airline_id":"330","src":"YYZ","src_id":"193","dst":"KIN","dst_id":"1779","codeshare":"","stops":"0","equipment":"319"},"geometry":{"type":"LineString","coordinates":[[-79.63059997559999,43.6772003174],[-76.7874984741211,17.935699462890625]]}}
    ,
    {"type":"Feature","properties":{"airline":"AC","airline_id":"330","src":"YYZ","src_id":"193","dst":"LAS","dst_id":"3877","codeshare":"","stops":"0","equipment":"763 319"},"geometry":{"type":"LineString","coordinates":[[-79.63059997559999,43.6772003174],[-115.1520004,36.08010101]]}}
    ,
    {"type":"Feature","properties":{"airline":"AC","airline_id":"330","src":"YYZ","src_id":"193","dst":"LAX","dst_id":"3484","codeshare":"","stops":"0","equipment":"321 320"},"geometry":{"type":"LineString","coordinates":[[-79.63059997559999,43.6772003174],[-118.4079971,33.94250107]]}}
    ,
    {"type":"Feature","properties":{"airline":"AC","airline_id":"330","src":"YYZ","src_id":"193","dst":"LGA","dst_id":"3697","codeshare":"","stops":"0","equipment":"E90 E75"},"geometry":{"type":"LineString","coordinates":[[-79.63059997559999,43.6772003174],[-73.87259674,40.77719879]]}}
    ,
    {"type":"Feature","properties":{"airline":"AC","airline_id":"330","src":"YYZ","src_id":"193","dst":"LHR","dst_id":"507","codeshare":"","stops":"0","equipment":"763 77L 77W 333"},"geometry":{"type":"LineString","coordinates":[[-79.63059997559999,43.6772003174],[-0.461941,51.4706]]}}
    ,
    {"type":"Feature","properties":{"airline":"AC","airline_id":"330","src":"YYZ","src_id":"193","dst":"LIM","dst_id":"2789","codeshare":"","stops":"0","equipment":"763"},"geometry":{"type":"LineString","coordinates":[[-79.63059997559999,43.6772003174],[-77.114305,-12.0219]]}}
    ,
    {"type":"Feature","properties":{"airline":"AC","airline_id":"330","src":"YYZ","src_id":"193","dst":"LIR","dst_id":"1881","codeshare":"","stops":"0","equipment":"319"},"geometry":{"type":"LineString","coordinates":[[-79.63059997559999,43.6772003174],[-85.544403,10.5933]]}}
    ,
    {"type":"Feature","properties":{"airline":"AC","airline_id":"330","src":"YYZ","src_id":"193","dst":"MBJ","dst_id":"1780","codeshare":"","stops":"0","equipment":"319"},"geometry":{"type":"LineString","coordinates":[[-79.63059997559999,43.6772003174],[-77.91339874267578,18.503700256347656]]}}
    ,
    {"type":"Feature","properties":{"airline":"AC","airline_id":"330","src":"YYZ","src_id":"193","dst":"MCI","dst_id":"3458","codeshare":"Y","stops":"0","equipment":"CRJ"},"geometry":{"type":"LineString","coordinates":[[-79.63059997559999,43.6772003174],[-94.713898,39.2976]]}}
    ,
    {"type":"Feature","properties":{"airline":"AC","airline_id":"330","src":"YYZ","src_id":"193","dst":"MCO","dst_id":"3878","codeshare":"","stops":"0","equipment":"319"},"geometry":{"type":"LineString","coordinates":[[-79.63059997559999,43.6772003174],[-81.30899810791016,28.429399490356445]]}}
    ,
    {"type":"Feature","properties":{"airline":"AC","airline_id":"330","src":"YYZ","src_id":"193","dst":"MDT","dst_id":"3542","codeshare":"Y","stops":"0","equipment":"BEH"},"geometry":{"type":"LineString","coordinates":[[-79.63059997559999,43.6772003174],[-76.7633972168,40.1935005188]]}}
    ,
    {"type":"Feature","properties":{"airline":"AC","airline_id":"330","src":"YYZ","src_id":"193","dst":"MEX","dst_id":"1824","codeshare":"","stops":"0","equipment":"319"},"geometry":{"type":"LineString","coordinates":[[-79.63059997559999,43.6772003174],[-99.072098,19.4363]]}}
    ,
    {"type":"Feature","properties":{"airline":"AC","airline_id":"330","src":"YYZ","src_id":"193","dst":"MIA","dst_id":"3576","codeshare":"","stops":"0","equipment":"E90"},"geometry":{"type":"LineString","coordinates":[[-79.63059997559999,43.6772003174],[-80.29060363769531,25.79319953918457]]}}
    ,
    {"type":"Feature","properties":{"airline":"AC","airline_id":"330","src":"YYZ","src_id":"193","dst":"MKE","dst_id":"3717","codeshare":"Y","stops":"0","equipment":"CRJ"},"geometry":{"type":"LineString","coordinates":[[-79.63059997559999,43.6772003174],[-87.89659881591797,42.947200775146484]]}}
    ,
    {"type":"Feature","properties":{"airline":"AC","airline_id":"330","src":"YYZ","src_id":"193","dst":"MSP","dst_id":"3858","codeshare":"Y","stops":"0","equipment":"CRA CRJ"},"geometry":{"type":"LineString","coordinates":[[-79.63059997559999,43.6772003174],[-93.221802,44.882]]}}
    ,
    {"type":"Feature","properties":{"airline":"AC","airline_id":"330","src":"YYZ","src_id":"193","dst":"MSY","dst_id":"3861","codeshare":"Y","stops":"0","equipment":"CRA"},"geometry":{"type":"LineString","coordinates":[[-79.63059997559999,43.6772003174],[-90.25800323486328,29.99340057373047]]}}
    ,
    {"type":"Feature","properties":{"airline":"AC","airline_id":"330","src":"YYZ","src_id":"193","dst":"MUC","dst_id":"346","codeshare":"","stops":"0","equipment":"77W"},"geometry":{"type":"LineString","coordinates":[[-79.63059997559999,43.6772003174],[11.7861,48.353802]]}}
    ,
    {"type":"Feature","properties":{"airline":"AC","airline_id":"330","src":"YYZ","src_id":"193","dst":"NAS","dst_id":"1953","codeshare":"","stops":"0","equipment":"319"},"geometry":{"type":"LineString","coordinates":[[-79.63059997559999,43.6772003174],[-77.46620178219999,25.0389995575]]}}
    ,
    {"type":"Feature","properties":{"airline":"AC","airline_id":"330","src":"YYZ","src_id":"193","dst":"NRT","dst_id":"2279","codeshare":"","stops":"0","equipment":"77W"},"geometry":{"type":"LineString","coordinates":[[-79.63059997559999,43.6772003174],[140.386001587,35.7647018433]]}}
    ,
    {"type":"Feature","properties":{"airline":"AC","airline_id":"330","src":"YYZ","src_id":"193","dst":"ORD","dst_id":"3830","codeshare":"","stops":"0","equipment":"E75"},"geometry":{"type":"LineString","coordinates":[[-79.63059997559999,43.6772003174],[-87.9048,41.9786]]}}
    ,
    {"type":"Feature","properties":{"airline":"AC","airline_id":"330","src":"YYZ","src_id":"193","dst":"PEK","dst_id":"3364","codeshare":"","stops":"0","equipment":"77W"},"geometry":{"type":"LineString","coordinates":[[-79.63059997559999,43.6772003174],[116.58499908447266,40.080101013183594]]}}
    ,
    {"type":"Feature","properties":{"airline":"AC","airline_id":"330","src":"YYZ","src_id":"193","dst":"PHL","dst_id":"3752","codeshare":"","stops":"0","equipment":"E75"},"geometry":{"type":"LineString","coordinates":[[-79.63059997559999,43.6772003174],[-75.24109649658203,39.87189865112305]]}}
    ,
    {"type":"Feature","properties":{"airline":"AC","airline_id":"330","src":"YYZ","src_id":"193","dst":"PHX","dst_id":"3462","codeshare":"","stops":"0","equipment":"319"},"geometry":{"type":"LineString","coordinates":[[-79.63059997559999,43.6772003174],[-112.01200103759766,33.43429946899414]]}}
    ,
    {"type":"Feature","properties":{"airline":"AC","airline_id":"330","src":"YYZ","src_id":"193","dst":"PIT","dst_id":"3570","codeshare":"Y","stops":"0","equipment":"DH1"},"geometry":{"type":"LineString","coordinates":[[-79.63059997559999,43.6772003174],[-80.23290253,40.49150085]]}}
    ,
    {"type":"Feature","properties":{"airline":"AC","airline_id":"330","src":"YYZ","src_id":"193","dst":"PLS","dst_id":"1754","codeshare":"","stops":"0","equipment":"E90"},"geometry":{"type":"LineString","coordinates":[[-79.63059997559999,43.6772003174],[-72.26589965820312,21.77359962463379]]}}
    ,
    {"type":"Feature","properties":{"airline":"AC","airline_id":"330","src":"YYZ","src_id":"193","dst":"POP","dst_id":"1761","codeshare":"","stops":"0","equipment":"319"},"geometry":{"type":"LineString","coordinates":[[-79.63059997559999,43.6772003174],[-70.56999969482422,19.75790023803711]]}}
    ,
    {"type":"Feature","properties":{"airline":"AC","airline_id":"330","src":"YYZ","src_id":"193","dst":"PUJ","dst_id":"1760","codeshare":"","stops":"0","equipment":"319"},"geometry":{"type":"LineString","coordinates":[[-79.63059997559999,43.6772003174],[-68.36340332030001,18.567399978599997]]}}
    ,
    {"type":"Feature","properties":{"airline":"AC","airline_id":"330","src":"YYZ","src_id":"193","dst":"PVG","dst_id":"3406","codeshare":"","stops":"0","equipment":"77L"},"geometry":{"type":"LineString","coordinates":[[-79.63059997559999,43.6772003174],[121.80500030517578,31.143400192260742]]}}
    ,
    {"type":"Feature","properties":{"airline":"AC","airline_id":"330","src":"YYZ","src_id":"193","dst":"RDU","dst_id":"3626","codeshare":"Y","stops":"0","equipment":"CRJ"},"geometry":{"type":"LineString","coordinates":[[-79.63059997559999,43.6772003174],[-78.7874984741211,35.877601623535156]]}}
    ,
    {"type":"Feature","properties":{"airline":"AC","airline_id":"330","src":"YYZ","src_id":"193","dst":"ROC","dst_id":"3622","codeshare":"Y","stops":"0","equipment":"BEH"},"geometry":{"type":"LineString","coordinates":[[-79.63059997559999,43.6772003174],[-77.67240142822266,43.118900299072266]]}}
    ,
    {"type":"Feature","properties":{"airline":"AC","airline_id":"330","src":"YYZ","src_id":"193","dst":"RSW","dst_id":"3793","codeshare":"","stops":"0","equipment":"320"},"geometry":{"type":"LineString","coordinates":[[-79.63059997559999,43.6772003174],[-81.75520324707031,26.53619956970215]]}}
    ,
    {"type":"Feature","properties":{"airline":"AC","airline_id":"330","src":"YYZ","src_id":"193","dst":"SAN","dst_id":"3731","codeshare":"","stops":"0","equipment":"319"},"geometry":{"type":"LineString","coordinates":[[-79.63059997559999,43.6772003174],[-117.190002441,32.7336006165]]}}
    ,
    {"type":"Feature","properties":{"airline":"AC","airline_id":"330","src":"YYZ","src_id":"193","dst":"SCL","dst_id":"2650","codeshare":"","stops":"0","equipment":"763"},"geometry":{"type":"LineString","coordinates":[[-79.63059997559999,43.6772003174],[-70.78579711914062,-33.393001556396484]]}}
    ,
    {"type":"Feature","properties":{"airline":"AC","airline_id":"330","src":"YYZ","src_id":"193","dst":"SEA","dst_id":"3577","codeshare":"","stops":"0","equipment":"E90"},"geometry":{"type":"LineString","coordinates":[[-79.63059997559999,43.6772003174],[-122.308998,47.449001]]}}
    ,
    {"type":"Feature","properties":{"airline":"AC","airline_id":"330","src":"YYZ","src_id":"193","dst":"SFO","dst_id":"3469","codeshare":"","stops":"0","equipment":"320"},"geometry":{"type":"LineString","coordinates":[[-79.63059997559999,43.6772003174],[-122.375,37.61899948120117]]}}
    ,
    {"type":"Feature","properties":{"airline":"AC","airline_id":"330","src":"YYZ","src_id":"193","dst":"SJO","dst_id":"1885","codeshare":"","stops":"0","equipment":"319"},"geometry":{"type":"LineString","coordinates":[[-79.63059997559999,43.6772003174],[-84.20880126953125,9.993860244750977]]}}
    ,
    {"type":"Feature","properties":{"airline":"AC","airline_id":"330","src":"YYZ","src_id":"193","dst":"SNU","dst_id":"1918","codeshare":"","stops":"0","equipment":"319"},"geometry":{"type":"LineString","coordinates":[[-79.63059997559999,43.6772003174],[-79.943603515625,22.49220085144043]]}}
    ,
    {"type":"Feature","properties":{"airline":"AC","airline_id":"330","src":"YYZ","src_id":"193","dst":"STL","dst_id":"3678","codeshare":"Y","stops":"0","equipment":"CRJ"},"geometry":{"type":"LineString","coordinates":[[-79.63059997559999,43.6772003174],[-90.370003,38.748697]]}}
    ,
    {"type":"Feature","properties":{"airline":"AC","airline_id":"330","src":"YYZ","src_id":"193","dst":"SYR","dst_id":"3745","codeshare":"Y","stops":"0","equipment":"BEH"},"geometry":{"type":"LineString","coordinates":[[-79.63059997559999,43.6772003174],[-76.1063003540039,43.11119842529297]]}}
    ,
    {"type":"Feature","properties":{"airline":"AC","airline_id":"330","src":"YYZ","src_id":"193","dst":"TLV","dst_id":"1590","codeshare":"","stops":"0","equipment":"763"},"geometry":{"type":"LineString","coordinates":[[-79.63059997559999,43.6772003174],[34.88669967651367,32.01139831542969]]}}
    ,
    {"type":"Feature","properties":{"airline":"AC","airline_id":"330","src":"YYZ","src_id":"193","dst":"TPA","dst_id":"3646","codeshare":"","stops":"0","equipment":"319"},"geometry":{"type":"LineString","coordinates":[[-79.63059997559999,43.6772003174],[-82.533203125,27.975500106811523]]}}
    ,
    {"type":"Feature","properties":{"airline":"AC","airline_id":"330","src":"YYZ","src_id":"193","dst":"UVF","dst_id":"2894","codeshare":"","stops":"0","equipment":"319"},"geometry":{"type":"LineString","coordinates":[[-79.63059997559999,43.6772003174],[-60.952599,13.7332]]}}
    ,
    {"type":"Feature","properties":{"airline":"AC","airline_id":"330","src":"YYZ","src_id":"193","dst":"VIE","dst_id":"1613","codeshare":"Y","stops":"0","equipment":"763"},"geometry":{"type":"LineString","coordinates":[[-79.63059997559999,43.6772003174],[16.569700241089,48.110298156738]]}}
    ,
    {"type":"Feature","properties":{"airline":"AC","airline_id":"330","src":"YYZ","src_id":"193","dst":"VRA","dst_id":"1923","codeshare":"","stops":"0","equipment":"319"},"geometry":{"type":"LineString","coordinates":[[-79.63059997559999,43.6772003174],[-81.435302734375,23.034400939941406]]}}
    ,
    {"type":"Feature","properties":{"airline":"AC","airline_id":"330","src":"YYZ","src_id":"193","dst":"WAW","dst_id":"679","codeshare":"","stops":"0","equipment":"788"},"geometry":{"type":"LineString","coordinates":[[-79.63059997559999,43.6772003174],[20.967100143399996,52.1656990051]]}}
    ,
    {"type":"Feature","properties":{"airline":"AC","airline_id":"330","src":"YYZ","src_id":"193","dst":"YAM","dst_id":"21","codeshare":"Y","stops":"0","equipment":"DH1"},"geometry":{"type":"LineString","coordinates":[[-79.63059997559999,43.6772003174],[-84.5093994140625,46.48500061035156]]}}
    ,
    {"type":"Feature","properties":{"airline":"AC","airline_id":"330","src":"YYZ","src_id":"193","dst":"YDF","dst_id":"45","codeshare":"","stops":"0","equipment":"E90"},"geometry":{"type":"LineString","coordinates":[[-79.63059997559999,43.6772003174],[-57.39139938354492,49.21080017089844]]}}
    ,
    {"type":"Feature","properties":{"airline":"AC","airline_id":"330","src":"YYZ","src_id":"193","dst":"YEG","dst_id":"49","codeshare":"","stops":"0","equipment":"320 319 E90"},"geometry":{"type":"LineString","coordinates":[[-79.63059997559999,43.6772003174],[-113.580001831,53.309700012200004]]}}
    ,
    {"type":"Feature","properties":{"airline":"AC","airline_id":"330","src":"YYZ","src_id":"193","dst":"YFC","dst_id":"56","codeshare":"Y","stops":"0","equipment":"DH4"},"geometry":{"type":"LineString","coordinates":[[-79.63059997559999,43.6772003174],[-66.53720092773438,45.868900299072266]]}}
    ,
    {"type":"Feature","properties":{"airline":"AC","airline_id":"330","src":"YYZ","src_id":"193","dst":"YGK","dst_id":"61","codeshare":"Y","stops":"0","equipment":"BEH"},"geometry":{"type":"LineString","coordinates":[[-79.63059997559999,43.6772003174],[-76.5969009399414,44.22529983520508]]}}
    ,
    {"type":"Feature","properties":{"airline":"AC","airline_id":"330","src":"YYZ","src_id":"193","dst":"YHZ","dst_id":"73","codeshare":"","stops":"0","equipment":"320 E90 319 763"},"geometry":{"type":"LineString","coordinates":[[-79.63059997559999,43.6772003174],[-63.5085983276,44.8807983398]]}}
    ,
    {"type":"Feature","properties":{"airline":"AC","airline_id":"330","src":"YYZ","src_id":"193","dst":"YMM","dst_id":"90","codeshare":"","stops":"0","equipment":"E90 320 319"},"geometry":{"type":"LineString","coordinates":[[-79.63059997559999,43.6772003174],[-111.222000122,56.653301239]]}}
    ,
    {"type":"Feature","properties":{"airline":"AC","airline_id":"330","src":"YYZ","src_id":"193","dst":"YOW","dst_id":"100","codeshare":"","stops":"0","equipment":"E90 319 320 763 E75"},"geometry":{"type":"LineString","coordinates":[[-79.63059997559999,43.6772003174],[-75.66919708251953,45.3224983215332]]}}
    ,
    {"type":"Feature","properties":{"airline":"AC","airline_id":"330","src":"YYZ","src_id":"193","dst":"YQB","dst_id":"111","codeshare":"Y","stops":"0","equipment":"DH4"},"geometry":{"type":"LineString","coordinates":[[-79.63059997559999,43.6772003174],[-71.393303,46.7911]]}}
    ,
    {"type":"Feature","properties":{"airline":"AC","airline_id":"330","src":"YYZ","src_id":"193","dst":"YQG","dst_id":"113","codeshare":"","stops":"0","equipment":"319"},"geometry":{"type":"LineString","coordinates":[[-79.63059997559999,43.6772003174],[-82.95559692382812,42.27560043334961]]}}
    ,
    {"type":"Feature","properties":{"airline":"AC","airline_id":"330","src":"YYZ","src_id":"193","dst":"YQM","dst_id":"117","codeshare":"Y","stops":"0","equipment":"DH4 CRJ"},"geometry":{"type":"LineString","coordinates":[[-79.63059997559999,43.6772003174],[-64.67859649658203,46.11220169067383]]}}
    ,
    {"type":"Feature","properties":{"airline":"AC","airline_id":"330","src":"YYZ","src_id":"193","dst":"YQR","dst_id":"120","codeshare":"","stops":"0","equipment":"E90"},"geometry":{"type":"LineString","coordinates":[[-79.63059997559999,43.6772003174],[-104.66600036621094,50.43190002441406]]}}
    ,
    {"type":"Feature","properties":{"airline":"AC","airline_id":"330","src":"YYZ","src_id":"193","dst":"YQT","dst_id":"121","codeshare":"Y","stops":"0","equipment":"DH4 CRJ"},"geometry":{"type":"LineString","coordinates":[[-79.63059997559999,43.6772003174],[-89.32389831542969,48.37189865112305]]}}
    ,
    {"type":"Feature","properties":{"airline":"AC","airline_id":"330","src":"YYZ","src_id":"193","dst":"YQY","dst_id":"126","codeshare":"Y","stops":"0","equipment":"CRJ"},"geometry":{"type":"LineString","coordinates":[[-79.63059997559999,43.6772003174],[-60.047798,46.1614]]}}
    ,
    {"type":"Feature","properties":{"airline":"AC","airline_id":"330","src":"YYZ","src_id":"193","dst":"YSB","dst_id":"133","codeshare":"Y","stops":"0","equipment":"DH1"},"geometry":{"type":"LineString","coordinates":[[-79.63059997559999,43.6772003174],[-80.79889678955078,46.625]]}}
    ,
    {"type":"Feature","properties":{"airline":"AC","airline_id":"330","src":"YYZ","src_id":"193","dst":"YSJ","dst_id":"135","codeshare":"Y","stops":"0","equipment":"DH4"},"geometry":{"type":"LineString","coordinates":[[-79.63059997559999,43.6772003174],[-65.89029693603516,45.31610107421875]]}}
    ,
    {"type":"Feature","properties":{"airline":"AC","airline_id":"330","src":"YYZ","src_id":"193","dst":"YTS","dst_id":"143","codeshare":"Y","stops":"0","equipment":"DH1"},"geometry":{"type":"LineString","coordinates":[[-79.63059997559999,43.6772003174],[-81.376701355,48.569698333699996]]}}
    ,
    {"type":"Feature","properties":{"airline":"AC","airline_id":"330","src":"YYZ","src_id":"193","dst":"YUL","dst_id":"146","codeshare":"","stops":"0","equipment":"319 321 320 E90 333 763 E75"},"geometry":{"type":"LineString","coordinates":[[-79.63059997559999,43.6772003174],[-73.7407989502,45.4706001282]]}}
    ,
    {"type":"Feature","properties":{"airline":"AC","airline_id":"330","src":"YYZ","src_id":"193","dst":"YVR","dst_id":"156","codeshare":"","stops":"0","equipment":"321 320 77W 763 77L 319 333"},"geometry":{"type":"LineString","coordinates":[[-79.63059997559999,43.6772003174],[-123.183998108,49.193901062]]}}
    ,
    {"type":"Feature","properties":{"airline":"AC","airline_id":"330","src":"YYZ","src_id":"193","dst":"YWG","dst_id":"160","codeshare":"","stops":"0","equipment":"320 E90 319"},"geometry":{"type":"LineString","coordinates":[[-79.63059997559999,43.6772003174],[-97.2398986816,49.909999847399995]]}}
    ,
    {"type":"Feature","properties":{"airline":"AC","airline_id":"330","src":"YYZ","src_id":"193","dst":"YXE","dst_id":"166","codeshare":"","stops":"0","equipment":"E90"},"geometry":{"type":"LineString","coordinates":[[-79.63059997559999,43.6772003174],[-106.69999694824219,52.170799255371094]]}}
    ,
    {"type":"Feature","properties":{"airline":"AC","airline_id":"330","src":"YYZ","src_id":"193","dst":"YXU","dst_id":"174","codeshare":"Y","stops":"0","equipment":"DH1 DH4"},"geometry":{"type":"LineString","coordinates":[[-79.63059997559999,43.6772003174],[-81.1539,43.035599]]}}
    ,
    {"type":"Feature","properties":{"airline":"AC","airline_id":"330","src":"YYZ","src_id":"193","dst":"YYB","dst_id":"177","codeshare":"Y","stops":"0","equipment":"DH1"},"geometry":{"type":"LineString","coordinates":[[-79.63059997559999,43.6772003174],[-79.422798,46.363602]]}}
    ,
    {"type":"Feature","properties":{"airline":"AC","airline_id":"330","src":"YYZ","src_id":"193","dst":"YYC","dst_id":"178","codeshare":"","stops":"0","equipment":"320 321 319"},"geometry":{"type":"LineString","coordinates":[[-79.63059997559999,43.6772003174],[-114.019996643,51.113899231]]}}
    ,
    {"type":"Feature","properties":{"airline":"AC","airline_id":"330","src":"YYZ","src_id":"193","dst":"YYG","dst_id":"182","codeshare":"Y","stops":"0","equipment":"CRJ"},"geometry":{"type":"LineString","coordinates":[[-79.63059997559999,43.6772003174],[-63.12110137939453,46.290000915527344]]}}
    ,
    {"type":"Feature","properties":{"airline":"AC","airline_id":"330","src":"YYZ","src_id":"193","dst":"YYJ","dst_id":"184","codeshare":"","stops":"0","equipment":"320"},"geometry":{"type":"LineString","coordinates":[[-79.63059997559999,43.6772003174],[-123.426002502,48.646900177]]}}
    ,
    {"type":"Feature","properties":{"airline":"AC","airline_id":"330","src":"YYZ","src_id":"193","dst":"YYT","dst_id":"189","codeshare":"","stops":"0","equipment":"320 E90 319"},"geometry":{"type":"LineString","coordinates":[[-79.63059997559999,43.6772003174],[-52.7518997192,47.618598938]]}}
    ,
    {"type":"Feature","properties":{"airline":"AC","airline_id":"330","src":"YYZ","src_id":"193","dst":"YZR","dst_id":"199","codeshare":"Y","stops":"0","equipment":"BEH"},"geometry":{"type":"LineString","coordinates":[[-79.63059997559999,43.6772003174],[-82.30889892578125,42.9994010925293]]}}
    ,
    {"type":"Feature","properties":{"airline":"AC","airline_id":"330","src":"YYZ","src_id":"193","dst":"ZRH","dst_id":"1678","codeshare":"","stops":"0","equipment":"333"},"geometry":{"type":"LineString","coordinates":[[-79.63059997559999,43.6772003174],[8.54917,47.464699]]}}
    ,
    {"type":"Feature","properties":{"airline":"AF","airline_id":"137","src":"YYZ","src_id":"193","dst":"ATL","dst_id":"3682","codeshare":"Y","stops":"0","equipment":"CR7"},"geometry":{"type":"LineString","coordinates":[[-79.63059997559999,43.6772003174],[-84.428101,33.6367]]}}
    ,
    {"type":"Feature","properties":{"airline":"AF","airline_id":"137","src":"YYZ","src_id":"193","dst":"CDG","dst_id":"1382","codeshare":"","stops":"0","equipment":"772"},"geometry":{"type":"LineString","coordinates":[[-79.63059997559999,43.6772003174],[2.55,49.012798]]}}
    ,
    {"type":"Feature","properties":{"airline":"AV","airline_id":"515","src":"YYZ","src_id":"193","dst":"BOG","dst_id":"2709","codeshare":"Y","stops":"0","equipment":"763"},"geometry":{"type":"LineString","coordinates":[[-79.63059997559999,43.6772003174],[-74.1469,4.70159]]}}
    ,
    {"type":"Feature","properties":{"airline":"AV","airline_id":"515","src":"YYZ","src_id":"193","dst":"MEX","dst_id":"1824","codeshare":"","stops":"0","equipment":"319"},"geometry":{"type":"LineString","coordinates":[[-79.63059997559999,43.6772003174],[-99.072098,19.4363]]}}
    ,
    {"type":"Feature","properties":{"airline":"AV","airline_id":"515","src":"YYZ","src_id":"193","dst":"SAL","dst_id":"1892","codeshare":"","stops":"0","equipment":"320"},"geometry":{"type":"LineString","coordinates":[[-79.63059997559999,43.6772003174],[-89.055702,13.4409]]}}
    ,
    {"type":"Feature","properties":{"airline":"AY","airline_id":"2350","src":"YYZ","src_id":"193","dst":"JFK","dst_id":"3797","codeshare":"Y","stops":"0","equipment":"CR7"},"geometry":{"type":"LineString","coordinates":[[-79.63059997559999,43.6772003174],[-73.77890015,40.63980103]]}}
    ,
    {"type":"Feature","properties":{"airline":"AY","airline_id":"2350","src":"YYZ","src_id":"193","dst":"LHR","dst_id":"507","codeshare":"Y","stops":"0","equipment":"788 744"},"geometry":{"type":"LineString","coordinates":[[-79.63059997559999,43.6772003174],[-0.461941,51.4706]]}}
    ,
    {"type":"Feature","properties":{"airline":"AZ","airline_id":"596","src":"YYZ","src_id":"193","dst":"CDG","dst_id":"1382","codeshare":"Y","stops":"0","equipment":"772"},"geometry":{"type":"LineString","coordinates":[[-79.63059997559999,43.6772003174],[2.55,49.012798]]}}
    ,
    {"type":"Feature","properties":{"airline":"AZ","airline_id":"596","src":"YYZ","src_id":"193","dst":"DTW","dst_id":"3645","codeshare":"Y","stops":"0","equipment":"CRJ"},"geometry":{"type":"LineString","coordinates":[[-79.63059997559999,43.6772003174],[-83.35340118408203,42.212398529052734]]}}
    ,
    {"type":"Feature","properties":{"airline":"AZ","airline_id":"596","src":"YYZ","src_id":"193","dst":"FCO","dst_id":"1555","codeshare":"","stops":"0","equipment":"332"},"geometry":{"type":"LineString","coordinates":[[-79.63059997559999,43.6772003174],[12.2388889,41.8002778]]}}
    ,
    {"type":"Feature","properties":{"airline":"BA","airline_id":"1355","src":"YYZ","src_id":"193","dst":"LHR","dst_id":"507","codeshare":"","stops":"0","equipment":"788 744"},"geometry":{"type":"LineString","coordinates":[[-79.63059997559999,43.6772003174],[-0.461941,51.4706]]}}
    ,
    {"type":"Feature","properties":{"airline":"CX","airline_id":"1680","src":"YYZ","src_id":"193","dst":"HKG","dst_id":"3077","codeshare":"","stops":"0","equipment":"77W"},"geometry":{"type":"LineString","coordinates":[[-79.63059997559999,43.6772003174],[113.915001,22.308901]]}}
    ,
    {"type":"Feature","properties":{"airline":"DL","airline_id":"2009","src":"YYZ","src_id":"193","dst":"AMS","dst_id":"580","codeshare":"Y","stops":"0","equipment":"M11 333 747 74M 332"},"geometry":{"type":"LineString","coordinates":[[-79.63059997559999,43.6772003174],[4.76389,52.308601]]}}
    ,
    {"type":"Feature","properties":{"airline":"DL","airline_id":"2009","src":"YYZ","src_id":"193","dst":"ATL","dst_id":"3682","codeshare":"","stops":"0","equipment":""},"geometry":{"type":"LineString","coordinates":[[-79.63059997559999,43.6772003174],[-84.428101,33.6367]]}}
    ,
    {"type":"Feature","properties":{"airline":"DL","airline_id":"2009","src":"YYZ","src_id":"193","dst":"CDG","dst_id":"1382","codeshare":"Y","stops":"0","equipment":"772"},"geometry":{"type":"LineString","coordinates":[[-79.63059997559999,43.6772003174],[2.55,49.012798]]}}
    ,
    {"type":"Feature","properties":{"airline":"DL","airline_id":"2009","src":"YYZ","src_id":"193","dst":"CVG","dst_id":"3488","codeshare":"Y","stops":"0","equipment":"CRJ"},"geometry":{"type":"LineString","coordinates":[[-79.63059997559999,43.6772003174],[-84.6678009033,39.0488014221]]}}
    ,
    {"type":"Feature","properties":{"airline":"DL","airline_id":"2009","src":"YYZ","src_id":"193","dst":"DTW","dst_id":"3645","codeshare":"Y","stops":"0","equipment":"CR7 CRJ"},"geometry":{"type":"LineString","coordinates":[[-79.63059997559999,43.6772003174],[-83.35340118408203,42.212398529052734]]}}
    ,
    {"type":"Feature","properties":{"airline":"DL","airline_id":"2009","src":"YYZ","src_id":"193","dst":"FCO","dst_id":"1555","codeshare":"Y","stops":"0","equipment":"332"},"geometry":{"type":"LineString","coordinates":[[-79.63059997559999,43.6772003174],[12.2388889,41.8002778]]}}
    ,
    {"type":"Feature","properties":{"airline":"DL","airline_id":"2009","src":"YYZ","src_id":"193","dst":"FLL","dst_id":"3533","codeshare":"Y","stops":"0","equipment":"73H 73W"},"geometry":{"type":"LineString","coordinates":[[-79.63059997559999,43.6772003174],[-80.152702,26.072599]]}}
    ,
    {"type":"Feature","properties":{"airline":"DL","airline_id":"2009","src":"YYZ","src_id":"193","dst":"JFK","dst_id":"3797","codeshare":"","stops":"0","equipment":"CR7 ERJ"},"geometry":{"type":"LineString","coordinates":[[-79.63059997559999,43.6772003174],[-73.77890015,40.63980103]]}}
    ,
    {"type":"Feature","properties":{"airline":"DL","airline_id":"2009","src":"YYZ","src_id":"193","dst":"LAS","dst_id":"3877","codeshare":"Y","stops":"0","equipment":"73H"},"geometry":{"type":"LineString","coordinates":[[-79.63059997559999,43.6772003174],[-115.1520004,36.08010101]]}}
    ,
    {"type":"Feature","properties":{"airline":"DL","airline_id":"2009","src":"YYZ","src_id":"193","dst":"LGA","dst_id":"3697","codeshare":"Y","stops":"0","equipment":"736 73W"},"geometry":{"type":"LineString","coordinates":[[-79.63059997559999,43.6772003174],[-73.87259674,40.77719879]]}}
    ,
    {"type":"Feature","properties":{"airline":"DL","airline_id":"2009","src":"YYZ","src_id":"193","dst":"MCO","dst_id":"3878","codeshare":"Y","stops":"0","equipment":"73H 73W"},"geometry":{"type":"LineString","coordinates":[[-79.63059997559999,43.6772003174],[-81.30899810791016,28.429399490356445]]}}
    ,
    {"type":"Feature","properties":{"airline":"DL","airline_id":"2009","src":"YYZ","src_id":"193","dst":"MSP","dst_id":"3858","codeshare":"Y","stops":"0","equipment":"CRJ"},"geometry":{"type":"LineString","coordinates":[[-79.63059997559999,43.6772003174],[-93.221802,44.882]]}}
    ]}
